{"cameraMode":{"drawMode":0,"name":"Shaded","section":"Shading Mode"},"sceneLighting":true,"audioPlay":false,"sceneViewState":{"m_AlwaysRefresh":false,"showFog":true,"showSkybox":true,"showFlares":true,"showImageEffects":true,"showParticleSystems":true,"showVisualEffectGraphs":true,"m_FxEnabled":true},"in2DMode":false,"pivot":{"x":-0.5140976905822754,"y":1.101341724395752,"z":-2.5053107738494875},"rotation":{"x":0.1551952362060547,"y":0.3460176885128021,"z":-0.058150313794612887,"w":0.9234741926193237},"size":3.0255494117736818,"orthographic":false}